{
    "data_loading": 2.0884908735752106e-07,
    "descriptor_extraction_dest": 0.43049812503159046,
    "descriptor_extraction_source": 0.2382122080307454,
    "model_forward": 0.017072167014703155,
    "model_forward_breakdown": {
        "extract_object_descriptors": 1.3082986697554588e-05,
        "dest_dense_feats_preparation": 0.00026933406479656696,
        "cross_attention_source_to_dest": 0.005262125050649047,
        "source_dense_feats_preparation": 0.0002340420614928007,
        "cross_attention_dest_to_source": 0.005526166874915361,
        "mlp_source_descriptors": 0.0004456669557839632,
        "mlp_dest_descriptors": 0.0006148340180516243,
        "descriptor_normalization": 0.0003499169833958149,
        "similarity_computation": 0.0006158750038594007,
        "best_mask_selection": 0.0002060411497950554,
        "topk_selection": 0.0017355841118842363,
        "full_pred_mask_extraction": 1.3625016435980797e-05,
        "loss_computation": 0.0012302910909056664,
        "sigmoid_activation": 0.0003222080413252115,
        "total_forward_pass": 0.016843667021021247
    },
    "cross_attention_1_details": {
        "norm_input": 0.0002399170771241188,
        "query_projection": 6.674998439848423e-05,
        "key_projection": 0.001255667069926858,
        "value_projection": 0.0014290839899331331,
        "attention_matmul_and_scale": 0.0015839999541640282,
        "attention_softmax": 0.00039804214611649513,
        "attention_weighted_sum": 8.583301678299904e-05,
        "output_projection": 7.575005292892456e-05,
        "residual_add": 1.6693957149982452e-07,
        "feedforward_mlp": 0.00011120806448161602,
        "total_context_attn": 0.005252165952697396
    },
    "cross_attention_2_details": {
        "norm_input": 0.0008371667936444283,
        "query_projection": 0.00020058290101587772,
        "key_projection": 0.0013180000241845846,
        "value_projection": 0.0015503750182688236,
        "attention_matmul_and_scale": 0.0006952919065952301,
        "attention_softmax": 9.15410928428173e-05,
        "attention_weighted_sum": 0.00030045886524021626,
        "output_projection": 0.00016999989748001099,
        "residual_add": 4.21423465013504e-08,
        "feedforward_mlp": 0.0003479581791907549,
        "total_context_attn": 0.005517457844689488
    },
    "mlp_timings": [
        {
            "total_mlp": 0.00042845914140343666
        },
        {
            "total_mlp": 0.0005764581728726625
        }
    ],
    "loss_backward": 0.9060510001145303,
    "optimizer_step": 0.012521708151325583,
    "total_iteration": 1.6076661250554025
}